t_sim,t_wall,phase,s0_deg,s1_deg,prism_m,gripper_state,robot_x,robot_y,obj_x,obj_y,obj_z
57.350,32.682,1. Start: simulation and gri,0.000,0.000,0.00067,0,0.0413,0.0473,,,
59.850,34.520,2. Decision: use the gripper,0.000,0.000,0.00067,0,0.0414,0.0477,,,
62.900,36.795,2. Decision: use the gripper,0.000,0.000,0.00067,0,0.0416,0.0482,,,
63.200,37.123,2. Decision: use the gripper,0.000,0.000,0.00067,0,0.0416,0.0483,,,
63.550,37.410,2. Decision: use the gripper,0.000,0.000,0.00067,0,0.0416,0.0484,,,
63.850,37.695,2. Decision: use the gripper,0.000,0.000,0.00067,0,0.0416,0.0484,,,
64.250,38.065,2. Decision: use the gripper,0.000,0.000,0.00100,1,0.0416,0.0485,,,
64.650,38.435,2. Decision: use the gripper,25.000,0.001,0.00100,1,0.0418,0.0485,,,
84.150,53.233,2. Decision: use the gripper,30.000,0.000,-0.00151,1,0.0427,0.0518,,,
84.650,53.747,2. Decision: use the gripper,30.000,0.000,-0.00651,1,0.0427,0.0519,,,
85.200,54.235,2. Decision: use the gripper,30.000,0.000,-0.01201,1,0.0427,0.0519,,,
85.750,54.678,2. Decision: use the gripper,30.000,0.000,-0.01701,1,0.0427,0.0520,,,
86.250,55.143,2. Decision: use the gripper,30.000,0.000,-0.02251,1,0.0428,0.0521,,,
86.750,55.581,2. Decision: use the gripper,5.000,19.999,-0.02289,2,0.0425,0.0522,,,
87.200,56.018,2. Decision: use the gripper,-35.000,20.000,-0.02288,2,0.0430,0.0523,,,
87.750,56.535,2. Decision: use the gripper,-20.000,45.010,-0.02287,2,0.0428,0.0524,,,
88.350,57.041,2. Decision: use the gripper,-0.250,39.969,-0.02282,2,0.0431,0.0526,,,
88.900,57.520,2. Decision: use the gripper,0.000,0.000,-0.02281,2,0.0427,0.0527,,,
89.300,58.030,2. Decision: use the gripper,0.000,0.000,-0.02081,2,0.0429,0.0528,,,
89.900,58.562,2. Decision: use the gripper,0.000,0.000,-0.01531,2,0.0429,0.0528,,,
90.450,59.064,2. Decision: use the gripper,0.000,0.000,-0.00981,2,0.0429,0.0529,,,
90.900,59.552,2. Decision: use the gripper,0.000,0.000,-0.00481,2,0.0429,0.0530,,,
91.400,59.983,2. Decision: use the gripper,0.000,0.000,-0.00031,2,0.0430,0.0531,,,
91.850,60.355,2. Decision: use the gripper,0.000,0.000,0.00100,1,0.0430,0.0532,,,
92.200,60.726,3. Retreat: go to the safe l,0.000,0.000,0.00100,1,0.0430,0.0532,,,
94.650,62.631,3. Retreat: go to the safe l,0.000,0.000,0.00100,1,0.0384,0.0536,,,
95.150,63.057,3. Retreat: go to the safe l,-0.000,0.000,0.00100,1,0.0338,0.0536,,,
95.600,63.449,3. Retreat: go to the safe l,0.000,0.000,0.00100,1,0.0291,0.0536,,,
96.050,63.850,3. Retreat: go to the safe l,0.000,0.000,0.00100,1,0.0244,0.0536,,,
96.500,64.243,3. Retreat: go to the safe l,0.000,0.000,0.00100,1,0.0197,0.0536,,,
96.950,64.708,3. Retreat: go to the safe l,-0.000,0.000,0.00100,1,0.0150,0.0536,,,
97.400,65.035,3. Retreat: go to the safe l,0.000,0.000,0.00100,1,0.0150,0.0537,,,
98.000,65.583,4. Align: translate to slot ,0.000,0.000,0.00100,1,0.0151,0.0538,,,
100.550,67.475,4. Align: translate to slot ,0.000,0.000,0.00100,1,0.0152,0.0542,,,
100.950,67.887,4. Align: translate to slot ,0.000,0.000,0.00100,1,0.0152,0.0543,,,
101.400,68.293,4. Align: translate to slot ,25.000,0.001,0.00100,1,0.0153,0.0543,,,
101.950,68.753,4. Align: translate to slot ,30.000,0.000,0.00099,1,0.0153,0.0362,,,
102.350,69.168,4. Align: translate to slot ,30.000,0.000,0.00099,1,0.0152,0.0180,,,
102.800,69.598,4. Align: translate to slot ,30.000,0.000,0.00099,1,0.0153,-0.0002,,,
103.200,69.980,4. Align: translate to slot ,30.000,0.000,0.00099,1,0.0152,-0.0185,,,
103.600,70.354,4. Align: translate to slot ,30.000,0.000,0.00099,1,0.0152,-0.0367,,,
104.000,70.733,4. Align: translate to slot ,30.000,0.000,0.00099,1,0.0152,-0.0549,,,
104.400,71.118,4. Align: translate to slot ,30.000,0.000,0.00099,1,0.0152,-0.0732,,,
104.800,71.528,4. Align: translate to slot ,30.000,0.000,0.00099,1,0.0152,-0.0914,,,
105.250,71.904,4. Align: translate to slot ,30.000,0.000,0.00099,1,0.0152,-0.1096,,,
105.750,72.298,4. Align: translate to slot ,30.000,0.000,0.00099,1,0.0152,-0.1278,,,
106.100,72.681,4. Align: translate to slot ,30.000,0.000,0.00099,1,0.0152,-0.1461,,,
106.550,73.129,4. Align: translate to slot ,30.000,0.000,0.00099,1,0.0152,-0.1643,,,
106.950,73.508,4. Align: translate to slot ,30.000,0.000,0.00099,1,0.0152,-0.1825,,,
107.400,73.870,4. Align: translate to slot ,30.000,0.000,0.00099,1,0.0152,-0.2007,,,
107.800,74.217,4. Align: translate to slot ,30.000,0.000,0.00099,1,0.0152,-0.2190,,,
108.200,74.628,4. Align: translate to slot ,30.000,0.000,0.00099,1,0.0152,-0.2372,,,
108.600,75.034,4. Align: translate to slot ,30.000,0.000,0.00099,1,0.0152,-0.2554,,,
109.050,75.451,4. Align: translate to slot ,30.000,0.000,0.00099,1,0.0152,-0.2736,,,
109.600,75.894,4. Align: translate to slot ,30.000,0.000,0.00099,1,0.0152,-0.2919,,,
110.000,76.315,4. Align: translate to slot ,30.000,0.000,0.00099,1,0.0152,-0.3101,,,
110.500,76.749,4. Align: translate to slot ,30.000,0.000,0.00099,1,0.0152,-0.3283,,,
110.900,77.150,4. Align: translate to slot ,30.000,0.000,0.00099,1,0.0152,-0.3466,,,
111.350,77.618,4. Align: translate to slot ,30.000,0.000,0.00099,1,0.0152,-0.3648,,,
111.800,78.049,4. Align: translate to slot ,30.000,0.000,0.00099,1,0.0152,-0.3830,,,
112.300,78.453,4. Align: translate to slot ,30.000,0.000,0.00099,1,0.0152,-0.4012,,,
112.600,78.755,4. Align: translate to slot ,30.000,0.000,0.00099,1,0.0152,-0.4195,,,
113.100,79.182,4. Align: translate to slot ,30.000,0.000,0.00099,1,0.0152,-0.4377,,,
113.500,79.577,4. Align: translate to slot ,30.000,0.000,0.00099,1,0.0152,-0.4559,,,
113.900,79.973,4. Align: translate to slot ,30.000,0.000,0.00099,1,0.0152,-0.4741,,,
114.400,80.423,4. Align: translate to slot ,30.000,0.000,0.00099,1,0.0152,-0.4924,,,
114.900,80.844,4. Align: translate to slot ,30.000,0.000,0.00099,1,0.0153,-0.4923,,,
115.350,81.281,5. Approach: move forward to,30.000,0.000,0.00099,1,0.0153,-0.4922,,,
117.800,83.104,5. Approach: move forward to,30.000,0.000,0.00099,1,0.0346,-0.4918,,,
118.250,83.538,5. Approach: move forward to,30.000,0.000,0.00099,1,0.0538,-0.4918,,,
118.650,83.931,5. Approach: move forward to,30.000,0.000,0.00099,1,0.0729,-0.4918,,,
119.050,84.348,5. Approach: move forward to,30.000,0.000,0.00099,1,0.0921,-0.4918,,,
119.500,84.730,5. Approach: move forward to,30.000,0.000,0.00099,1,0.1113,-0.4918,,,
119.950,85.154,5. Approach: move forward to,30.000,0.000,0.00099,1,0.1304,-0.4918,,,
120.300,85.503,5. Approach: move forward to,30.000,0.000,0.00099,1,0.1496,-0.4918,,,
120.650,85.891,5. Approach: move forward to,30.000,0.000,0.00099,1,0.1688,-0.4918,,,
121.100,86.303,5. Approach: move forward to,30.000,0.000,0.00099,1,0.1879,-0.4918,,,
121.650,86.754,5. Approach: move forward to,30.000,0.000,0.00099,1,0.2071,-0.4918,,,
122.050,87.153,5. Approach: move forward to,30.000,0.000,0.00099,1,0.2071,-0.4917,,,
122.450,87.526,6. Gripper camera: is there ,30.000,0.000,0.00099,1,0.2072,-0.4917,,,
125.100,89.510,6. Gripper camera: is there ,30.000,0.000,0.00099,1,0.2073,-0.4913,,,
125.550,89.932,6. Gripper camera: is there ,30.000,0.000,0.00099,1,0.2073,-0.4912,,,
125.950,90.373,6. Gripper camera: is there ,30.000,0.000,0.00099,1,0.2073,-0.4911,,,
126.350,90.807,7. Grasp: close until the fi,30.000,0.000,0.00099,1,0.2074,-0.4911,,,
129.150,92.981,7. Grasp: close until the fi,30.000,0.000,-0.00151,1,0.2075,-0.4906,,,
129.700,93.530,7. Grasp: close until the fi,30.000,0.000,-0.00701,1,0.2075,-0.4905,,,
130.800,94.430,7. Grasp: close until the fi,30.000,0.000,-0.01001,0,0.2076,-0.4903,0.38000124047777006,-0.4999956653715496,0.1100000017288968
131.250,94.845,7. Grasp: close until the fi,30.000,0.000,-0.01001,0,0.2076,-0.4903,0.38000124047777006,-0.4999956653715496,0.1100000017288968
131.600,95.141,8. Grasped: lift the object,30.000,0.000,-0.01001,0,0.2076,-0.4902,0.38000124047777006,-0.4999956653715496,0.1100000017288968
133.950,97.075,8. Grasped: lift the object,-0.000,20.000,-0.00996,0,0.2075,-0.4898,0.38000124047777006,-0.4999956653715496,0.1100000017288968
134.550,97.524,8. Grasped: lift the object,-35.000,20.000,-0.00996,0,0.2079,-0.4898,0.38000124047777006,-0.4999956653715496,0.1100000017288968
135.050,97.944,9. Retreat: straight back to,-35.000,20.000,-0.00996,0,0.2079,-0.4897,0.4769666248913409,-0.503055616133295,0.21803984187144437
137.200,99.561,9. Retreat: straight back to,-35.000,20.000,-0.00996,0,0.1887,-0.4893,0.4577339603301349,-0.5026414229845425,0.21820526854432387
137.700,100.065,9. Retreat: straight back to,-35.000,20.000,-0.00996,0,0.1694,-0.4893,0.4384547493754867,-0.5026301359597762,0.21809662858388007
138.250,100.507,9. Retreat: straight back to,-35.000,20.000,-0.00996,0,0.1501,-0.4893,0.4191575559307875,-0.5026105298688961,0.2180966346856849
138.800,101.016,9. Retreat: straight back to,-35.000,20.000,-0.00996,0,0.1308,-0.4893,0.3998534482489917,-0.5025667885110543,0.2181009947505151
139.400,101.565,9. Retreat: straight back to,-35.000,20.000,-0.00996,0,0.1115,-0.4893,0.3805562518786308,-0.5025470954006481,0.21810099823803325
139.950,102.031,9. Retreat: straight back to,-35.000,20.000,-0.00996,0,0.0922,-0.4893,0.3612479115162878,-0.5025453246368179,0.21820528074559709
140.450,102.584,9. Retreat: straight back to,-35.000,20.000,-0.00996,0,0.0729,-0.4893,0.34196869969463684,-0.5025338237401967,0.21809664471697893
141.000,103.164,9. Retreat: straight back to,-35.000,20.000,-0.00996,0,0.0536,-0.4893,0.3226715076216586,-0.5025139938909173,0.21809664948014407
141.600,103.654,9. Retreat: straight back to,-35.000,20.000,-0.00996,0,0.0343,-0.4893,0.30335642041051875,-0.5024836465437902,0.21820529220594231
142.150,104.100,9. Retreat: straight back to,-35.000,20.000,-0.00996,0,0.0150,-0.4893,0.2840592292183066,-0.5024637196880408,0.2182052922915224
142.500,104.480,9. Retreat: straight back to,-35.000,20.000,-0.00996,0,0.0150,-0.4893,0.2840592292183066,-0.5024637196880408,0.2182052922915224
142.900,104.903,10. Carry: translate in fron,-35.000,20.000,-0.00996,0,0.0151,-0.4892,0.2840592292183066,-0.5024637196880408,0.2182052922915224
145.200,106.796,10. Carry: translate in fron,-35.000,20.000,-0.00996,0,0.0152,-0.5076,0.28422887404482067,-0.5206315020616978,0.2180966706564082
145.700,107.371,10. Carry: translate in fron,-35.000,20.000,-0.00996,0,0.0152,-0.5264,0.28421149076241126,-0.5393631212779908,0.21820531343831806
146.300,107.866,10. Carry: translate in fron,-35.000,20.000,-0.00996,0,0.0152,-0.5452,0.28423047010698277,-0.5581002269722699,0.2180966753431791
146.850,108.514,10. Carry: translate in fron,-35.000,20.000,-0.00996,0,0.0152,-0.5639,0.28423106071371046,-0.576840072671853,0.21809667691193074
147.400,109.081,10. Carry: translate in fron,-35.000,20.000,-0.00996,0,0.0152,-0.5826,0.2842137638365858,-0.5955693525730266,0.21820532217342925
147.900,109.542,10. Carry: translate in fron,-35.000,20.000,-0.00996,0,0.0152,-0.6014,0.28421452212758747,-0.6143046725873456,0.21820532505237944
148.550,110.127,10. Carry: translate in fron,-35.000,20.000,-0.00996,0,0.0152,-0.6202,0.2842264512877698,-0.6330197793877059,0.21810105062782265
149.100,110.666,10. Carry: translate in fron,-35.000,20.000,-0.00996,0,0.0152,-0.6389,0.284216205498396,-0.6517706988630279,0.21820533242510987
149.600,111.105,10. Carry: translate in fron,-35.000,20.000,-0.00996,0,0.0152,-0.6577,0.28420019038642497,-0.6704998515791838,0.21831432113570193
150.100,111.606,10. Carry: translate in fron,-35.000,20.000,-0.00996,0,0.0152,-0.6764,0.28421755656736136,-0.689245502530748,0.21820533497908567
150.700,112.141,10. Carry: translate in fron,-35.000,20.000,-0.00996,0,0.0152,-0.6952,0.2842183158767547,-0.7079805967261523,0.21820534050009133
151.200,112.677,10. Carry: translate in fron,-35.000,20.000,-0.00996,0,0.0152,-0.7140,0.2842372076877131,-0.7267194590458079,0.21809670279090143
151.750,113.249,10. Carry: translate in fron,-35.000,20.000,-0.00996,0,0.0152,-0.7327,0.28423090088365355,-0.7454327314128592,0.2181010690507496
152.400,113.821,10. Carry: translate in fron,-35.000,20.000,-0.00996,0,0.0152,-0.7514,0.2842205933991985,-0.764185611528994,0.2182053446861159
152.950,114.317,10. Carry: translate in fron,-35.000,20.000,-0.00996,0,0.0152,-0.7702,0.28423956779476917,-0.7829220519315381,0.21809671249869733
153.550,114.906,10. Carry: translate in fron,-35.000,20.000,-0.00996,0,0.0152,-0.7890,0.2842403273702424,-0.8016569122026728,0.2180967181937245
154.200,115.422,10. Carry: translate in fron,-35.000,20.000,-0.00996,0,0.0152,-0.8077,0.2842343389368332,-0.820360928987611,0.21810108354440216
154.750,115.920,10. Carry: translate in fron,-35.000,20.000,-0.00996,0,0.0152,-0.8265,0.284242094560832,-0.8391196539423214,0.2180967236106699
155.350,116.426,10. Carry: translate in fron,-35.000,20.000,-0.00996,0,0.0152,-0.8452,0.28424285355247475,-0.8578543681263027,0.21809672624972554
155.850,116.946,10. Carry: translate in fron,-35.000,20.000,-0.00996,0,0.0152,-0.8640,0.2842255683711576,-0.876582987534072,0.21820536477802965
156.450,117.449,10. Carry: translate in fron,-35.000,20.000,-0.00996,0,0.0152,-0.8827,0.28422632825995137,-0.8953176147594121,0.2182053667244589
156.950,117.941,10. Carry: translate in fron,-35.000,20.000,-0.00996,0,0.0152,-0.9015,0.28422708835521526,-0.9140521973648446,0.21820536932626872
157.550,118.449,10. Carry: translate in fron,-35.000,20.000,-0.00996,0,0.0152,-0.9203,0.28422784869745604,-0.9327867356512738,0.21820537292868564
158.050,118.939,10. Carry: translate in fron,-35.000,20.000,-0.00996,0,0.0152,-0.9390,0.2842286090391673,-0.951521229386853,0.21820537746733387
158.500,119.403,10. Carry: translate in fron,-35.000,20.000,-0.00996,0,0.0151,-0.9578,0.28421259996871,-0.9702496876496989,0.21831436575322233
159.150,119.996,10. Carry: translate in fron,-35.000,20.000,-0.00996,0,0.0152,-0.9765,0.28424106508900726,-0.9889745084130039,0.2181011118532712
159.650,120.524,10. Carry: translate in fron,-35.000,20.000,-0.00996,0,0.0152,-0.9953,0.2842308898455361,-1.0077244448794318,0.21820538534986705
160.200,121.055,10. Carry: translate in fron,-35.000,20.000,-0.00996,0,0.0152,-1.0140,0.28423156703191177,-1.026461084138693,0.21820538846505555
160.700,121.610,10. Carry: translate in fron,-35.000,20.000,-0.00996,0,0.0152,-1.0328,0.2842322446021286,-1.0451976870553927,0.2182053917434456
161.100,122.063,10. Carry: translate in fron,-35.000,20.000,-0.00996,0,0.0152,-1.0327,0.2842322446021286,-1.0451976870553927,0.2182053917434456
161.600,122.557,"11. Insert: move forward, ex",-35.000,20.000,-0.00996,0,0.0152,-1.0327,0.2842322446021286,-1.0451976870553927,0.2182053917434456
164.000,124.401,"11. Insert: move forward, ex",-35.000,20.000,-0.00996,0,0.0153,-1.0328,0.28437561891181784,-1.0449957225231836,0.21831439590249424
164.550,124.909,"11. Insert: move forward, ex",-35.000,20.000,-0.00996,0,0.0153,-1.0332,0.28441101419611436,-1.0454520736365969,0.21809677524349425
165.100,125.445,"11. Insert: move forward, ex",-35.000,20.000,-0.00996,0,0.0153,-1.0337,0.28440479644761063,-1.0458654530302027,0.21810114456262297
165.700,125.972,"11. Insert: move forward, ex",-35.000,20.000,-0.00996,0,0.0153,-1.0341,0.28441261120588884,-1.0463289030270642,0.2180967840816927
166.200,126.399,"11. Insert: move forward, ex",-35.000,20.000,-0.00996,0,0.0153,-1.0346,0.2843786519339816,-1.0467540909349267,0.21831441031411342
166.750,126.961,"11. Insert: move forward, ex",-35.000,20.000,-0.00996,0,0.0153,-1.0350,0.2844070575019403,-1.04718404553985,0.21810115277372782
167.300,127.394,"11. Insert: move forward, ex",-35.000,20.000,-0.00996,0,0.0153,-1.0350,0.2844070575019403,-1.04718404553985,0.21810115277372782
167.850,127.935,"11. Insert: move forward, ex",-35.000,20.000,-0.00996,0,0.0209,-1.0349,0.2900173668709451,-1.0469944870104735,0.21809679606846177
168.400,128.455,"11. Insert: move forward, ex",-35.000,20.000,-0.00996,0,0.0265,-1.0349,0.2955675581496898,-1.046972437938753,0.21809679728750136
168.950,128.984,"11. Insert: move forward, ex",-35.000,20.000,-0.00996,0,0.0320,-1.0349,0.3010997203924059,-1.0469443466186366,0.2182054353141215
169.500,129.482,"11. Insert: move forward, ex",-35.000,20.000,-0.00996,0,0.0376,-1.0349,0.3066331478057775,-1.0469162623447485,0.21831442411225638
169.950,129.954,"11. Insert: move forward, ex",-35.000,20.000,-0.00996,0,0.0431,-1.0349,0.3122179696432751,-1.0469108205197486,0.21809680709545637
170.450,130.408,"11. Insert: move forward, ex",-35.000,20.000,-0.00996,0,0.0487,-1.0349,0.3177333680188978,-1.0468766661255637,0.21831442729956713
170.900,130.859,"11. Insert: move forward, ex",-35.000,20.000,-0.00996,0,0.0487,-1.0348,0.3177333680188978,-1.0468766661255637,0.21831442729956713
171.350,131.381,"11. Insert: move forward, ex",-40.000,30.000,-0.00994,0,0.0488,-1.0347,0.3177333680188978,-1.0468766661255637,0.21831442729956713
171.950,131.967,"11. Insert: move forward, ex",-25.000,50.000,-0.00993,0,0.0486,-1.0345,0.3351437961838738,-1.047157730354975,0.21905368437730421
172.550,132.503,12. Place: put the object on,-25.000,50.000,-0.00993,0,0.0488,-1.0344,0.36935209475482333,-1.0478646175736142,0.16018321055033963
174.800,134.346,12. Place: put the object on,-20.000,60.000,-0.00992,0,0.0491,-1.0340,0.36935209475482333,-1.0478646175736142,0.16018321055033963
175.450,134.873,12. Place: put the object on,-20.000,60.000,-0.00992,0,0.0489,-1.0339,0.38031219381450876,-1.0472987334896005,0.1322463925878647
175.900,135.345,12. Place: put the object on,-20.000,60.000,-0.00992,0,0.0490,-1.0338,,,
176.350,135.742,13. Release: open the grippe,-20.000,60.000,-0.00992,0,0.0490,-1.0337,,,
178.550,137.267,13. Release: open the grippe,-20.000,60.000,-0.00842,0,0.0491,-1.0334,,,
178.950,137.481,13. Release: open the grippe,-20.000,60.000,-0.00442,0,0.0491,-1.0333,,,
179.450,137.709,13. Release: open the grippe,-20.000,60.000,0.00008,0,0.0491,-1.0333,,,
179.850,137.878,13. Release: open the grippe,-20.000,60.000,0.00100,1,0.0491,-1.0332,,,
180.300,138.119,13. Release: open the grippe,-20.000,60.000,0.00100,1,0.0492,-1.0331,,,
180.550,138.232,14. Retract: arm leaves the ,-20.000,60.000,0.00100,1,0.0492,-1.0331,,,
181.650,138.680,14. Retract: arm leaves the ,-30.000,49.987,0.00075,1,0.0495,-1.0329,,,
182.100,138.887,14. Retract: arm leaves the ,-35.000,20.000,0.00076,1,0.0492,-1.0328,,,
182.450,139.056,14. Retract: arm leaves the ,-20.000,4.991,0.00076,1,0.0493,-1.0329,,,
182.950,139.215,14. Retract: arm leaves the ,0.000,0.000,0.00077,1,0.0490,-1.0328,,,
183.400,139.387,4. Align: translate to slot ,0.000,0.000,0.00077,1,0.0490,-1.0328,,,
184.550,139.784,4. Align: translate to slot ,0.000,0.000,0.00077,1,0.0491,-1.0326,,,
185.000,140.001,4. Align: translate to slot ,0.000,0.000,0.00077,1,0.0491,-1.0325,,,
185.350,140.127,4. Align: translate to slot ,15.000,0.002,0.00077,1,0.0492,-1.0325,,,
185.700,140.261,4. Align: translate to slot ,30.000,0.000,0.00077,1,0.0491,-1.0324,,,
186.050,140.406,4. Align: translate to slot ,30.000,0.000,0.00077,1,0.0491,-1.0138,,,
186.300,140.507,4. Align: translate to slot ,30.000,0.000,0.00077,1,0.0491,-0.9953,,,
186.600,140.676,4. Align: translate to slot ,30.000,0.000,0.00077,1,0.0491,-0.9768,,,
186.900,141.000,4. Align: translate to slot ,30.000,0.000,0.00077,1,0.0491,-0.9583,,,
187.350,141.363,4. Align: translate to slot ,30.000,0.000,0.00077,1,0.0491,-0.9398,,,
187.750,141.808,4. Align: translate to slot ,30.000,0.000,0.00077,1,0.0491,-0.9213,,,
188.300,142.312,4. Align: translate to slot ,30.000,0.000,0.00077,1,0.0491,-0.9028,,,
188.800,142.713,4. Align: translate to slot ,30.000,0.000,0.00077,1,0.0491,-0.8843,,,
189.250,143.100,4. Align: translate to slot ,30.000,0.000,0.00077,1,0.0491,-0.8658,,,
189.650,143.484,4. Align: translate to slot ,30.000,0.000,0.00077,1,0.0491,-0.8473,,,
190.050,143.880,4. Align: translate to slot ,30.000,0.000,0.00077,1,0.0491,-0.8288,,,
190.400,144.200,4. Align: translate to slot ,30.000,0.000,0.00077,1,0.0491,-0.8103,,,
190.750,144.570,4. Align: translate to slot ,30.000,0.000,0.00077,1,0.0491,-0.7919,,,
191.250,145.014,4. Align: translate to slot ,30.000,0.000,0.00077,1,0.0491,-0.7733,,,
191.650,145.390,4. Align: translate to slot ,30.000,0.000,0.00077,1,0.0491,-0.7549,,,
192.100,145.757,4. Align: translate to slot ,30.000,0.000,0.00077,1,0.0491,-0.7363,,,
192.550,146.138,4. Align: translate to slot ,30.000,0.000,0.00077,1,0.0491,-0.7178,,,
192.950,146.569,4. Align: translate to slot ,30.000,0.000,0.00077,1,0.0491,-0.6993,,,
193.350,146.968,4. Align: translate to slot ,30.000,0.000,0.00077,1,0.0491,-0.6808,,,
193.800,147.419,4. Align: translate to slot ,30.000,0.000,0.00077,1,0.0491,-0.6623,,,
194.250,147.793,4. Align: translate to slot ,30.000,0.000,0.00077,1,0.0491,-0.6438,,,
194.700,148.182,4. Align: translate to slot ,30.000,0.000,0.00077,1,0.0491,-0.6254,,,
195.150,148.614,4. Align: translate to slot ,30.000,0.000,0.00077,1,0.0491,-0.6069,,,
195.500,148.993,4. Align: translate to slot ,30.000,0.000,0.00077,1,0.0491,-0.5884,,,
195.950,149.412,4. Align: translate to slot ,30.000,0.000,0.00077,1,0.0491,-0.5699,,,
196.350,149.800,4. Align: translate to slot ,30.000,0.000,0.00077,1,0.0491,-0.5514,,,
196.850,150.266,4. Align: translate to slot ,30.000,0.000,0.00077,1,0.0491,-0.5329,,,
197.300,150.719,4. Align: translate to slot ,30.000,0.000,0.00077,1,0.0491,-0.5144,,,
197.750,151.136,4. Align: translate to slot ,30.000,0.000,0.00077,1,0.0491,-0.4959,,,
198.100,151.489,4. Align: translate to slot ,30.000,0.000,0.00077,1,0.0491,-0.4774,,,
198.550,151.900,4. Align: translate to slot ,30.000,0.000,0.00077,1,0.0491,-0.4589,,,
198.850,152.295,4. Align: translate to slot ,30.000,0.000,0.00077,1,0.0491,-0.4404,,,
199.300,152.674,4. Align: translate to slot ,30.000,0.000,0.00077,1,0.0491,-0.4219,,,
199.750,153.103,4. Align: translate to slot ,30.000,0.000,0.00077,1,0.0491,-0.4034,,,
200.150,153.517,4. Align: translate to slot ,30.000,0.000,0.00077,1,0.0491,-0.3849,,,
200.650,153.938,4. Align: translate to slot ,30.000,0.000,0.00077,1,0.0491,-0.3664,,,
201.050,154.254,4. Align: translate to slot ,30.000,0.000,0.00077,1,0.0491,-0.3479,,,
201.500,154.642,4. Align: translate to slot ,30.000,0.000,0.00077,1,0.0491,-0.3294,,,
201.900,155.019,4. Align: translate to slot ,30.000,0.000,0.00077,1,0.0491,-0.3109,,,
202.400,155.426,4. Align: translate to slot ,30.000,0.000,0.00077,1,0.0491,-0.2924,,,
202.750,155.813,4. Align: translate to slot ,30.000,0.000,0.00077,1,0.0492,-0.2923,,,
203.200,156.191,5. Approach: move forward to,30.000,0.000,0.00077,1,0.0492,-0.2922,,,
205.750,158.174,5. Approach: move forward to,30.000,0.000,0.00077,1,0.0690,-0.2918,,,
206.200,158.568,5. Approach: move forward to,30.000,0.000,0.00077,1,0.0887,-0.2919,,,
206.600,158.966,5. Approach: move forward to,30.000,0.000,0.00077,1,0.1085,-0.2919,,,
207.000,159.339,5. Approach: move forward to,30.000,0.000,0.00077,1,0.1282,-0.2919,,,
207.450,159.689,5. Approach: move forward to,30.000,0.000,0.00077,1,0.1479,-0.2919,,,
207.800,160.052,5. Approach: move forward to,30.000,0.000,0.00077,1,0.1677,-0.2919,,,
208.200,160.406,5. Approach: move forward to,30.000,0.000,0.00077,1,0.1874,-0.2919,,,
208.550,160.729,5. Approach: move forward to,30.000,0.000,0.00077,1,0.2071,-0.2919,,,
208.850,161.155,5. Approach: move forward to,30.000,0.000,0.00077,1,0.2071,-0.2918,,,
209.350,161.530,6. Gripper camera: is there ,30.000,0.000,0.00077,1,0.2072,-0.2918,,,
211.550,163.201,6. Gripper camera: is there ,30.000,0.000,0.00077,1,0.2072,-0.2914,,,
212.000,163.601,6. Gripper camera: is there ,30.000,0.000,0.00077,1,0.2072,-0.2914,,,
212.400,163.989,6. Gripper camera: is there ,30.000,0.000,0.00077,1,0.2073,-0.2913,,,
212.800,164.358,7. Grasp: close until the fi,30.000,0.000,0.00077,1,0.2073,-0.2912,,,
215.150,166.029,7. Grasp: close until the fi,30.000,0.000,-0.00073,1,0.2074,-0.2909,,,
215.650,166.556,7. Grasp: close until the fi,30.000,0.000,-0.00573,1,0.2074,-0.2908,,,
216.650,167.470,7. Grasp: close until the fi,30.000,0.000,-0.00873,0,0.2074,-0.2907,0.3800018287088781,-0.299991325923714,0.10999986757644832
217.100,167.866,7. Grasp: close until the fi,30.000,0.000,-0.00873,0,0.2074,-0.2906,0.3800018287088781,-0.299991325923714,0.10999986757644832
217.450,168.194,8. Grasped: lift the object,30.000,0.000,-0.00873,0,0.2074,-0.2905,0.3800018287088781,-0.299991325923714,0.10999986757644832
219.500,169.704,8. Grasped: lift the object,5.000,20.000,-0.00868,0,0.2073,-0.2902,0.3800018287088781,-0.299991325923714,0.10999986757644832
220.050,170.142,8. Grasped: lift the object,-35.000,20.000,-0.00868,0,0.2076,-0.2901,0.3800018287088781,-0.299991325923714,0.10999986757644832
220.600,170.616,9. Retreat: straight back to,-35.000,20.000,-0.00868,0,0.2077,-0.2900,0.4769158311253583,-0.30174243770221987,0.21804055205895306
222.900,172.285,9. Retreat: straight back to,-35.000,20.000,-0.00868,0,0.1885,-0.2897,0.45770067719141555,-0.30128350023532335,0.21810156479702547
223.400,172.758,9. Retreat: straight back to,-35.000,20.000,-0.00868,0,0.1692,-0.2897,0.43841736629527545,-0.3012749939039123,0.2182058916458916
223.900,173.174,9. Retreat: straight back to,-35.000,20.000,-0.00868,0,0.1499,-0.2897,0.41912794625411365,-0.30124302977269557,0.21831538417268925
224.500,173.636,9. Retreat: straight back to,-35.000,20.000,-0.00868,0,0.1307,-0.2897,0.3998826104810672,-0.30120762187949035,0.2181015720626887
224.950,174.104,9. Retreat: straight back to,-35.000,20.000,-0.00868,0,0.1114,-0.2897,0.3806173084615724,-0.3012075659512562,0.218096768554276
225.450,174.580,9. Retreat: straight back to,-35.000,20.000,-0.00868,0,0.0921,-0.2897,0.36132650383968035,-0.3011782555265229,0.21820590309002375
226.050,175.089,9. Retreat: straight back to,-35.000,20.000,-0.00868,0,0.0728,-0.2897,0.3420719048494537,-0.3011576827798758,0.21809677448574327
226.600,175.569,9. Retreat: straight back to,-35.000,20.000,-0.00868,0,0.0536,-0.2897,0.32278116528273704,-0.3011255305199593,0.21820590807896073
227.150,176.046,9. Retreat: straight back to,-35.000,20.000,-0.00868,0,0.0343,-0.2897,0.30352656193092853,-0.30110488701489235,0.21809677902875546
227.650,176.524,9. Retreat: straight back to,-35.000,20.000,-0.00868,0,0.0150,-0.2897,0.28423581938591747,-0.30107267140957816,0.21820591145135826
228.050,176.939,9. Retreat: straight back to,-35.000,20.000,-0.00868,0,0.0150,-0.2897,0.28423581938591747,-0.30107267140957816,0.21820591145135826
228.500,177.284,10. Carry: translate in fron,-35.000,20.000,-0.00868,0,0.0150,-0.2896,0.28423581938591747,-0.30107267140957816,0.21820591145135826
230.650,179.014,10. Carry: translate in fron,-35.000,20.000,-0.00868,0,0.0151,-0.2710,0.2843752019891118,-0.2822183188285503,0.21809679143037747
231.200,179.517,10. Carry: translate in fron,-35.000,20.000,-0.00868,0,0.0151,-0.2528,0.2843683098431309,-0.2639126026176374,0.21810160061266826
231.800,180.042,10. Carry: translate in fron,-35.000,20.000,-0.00868,0,0.0151,-0.2345,0.2843763608900614,-0.24565366754077614,0.2180967955307725
232.350,180.521,10. Carry: translate in fron,-35.000,20.000,-0.00868,0,0.0151,-0.2163,0.28435893771800547,-0.22736272131343988,0.21820593067551525
232.950,181.125,10. Carry: translate in fron,-35.000,20.000,-0.00868,0,0.0151,-0.1980,0.28434275906056716,-0.20907459631563247,0.21831542017764716
233.450,181.537,10. Carry: translate in fron,-35.000,20.000,-0.00868,0,0.0151,-0.1798,0.2843434611743131,-0.19078650463775276,0.2183154218629238
234.000,182.012,10. Carry: translate in fron,-35.000,20.000,-0.00868,0,0.0151,-0.1615,0.28436065779580355,-0.17251540276028307,0.21820593486305434
234.450,182.404,10. Carry: translate in fron,-35.000,20.000,-0.00868,0,0.0151,-0.1432,0.28434441044239456,-0.15423001787037233,0.2183154279048724
234.900,182.886,10. Carry: translate in fron,-35.000,20.000,-0.00868,0,0.0151,-0.1250,0.2843448517723297,-0.13595315811799397,0.21831542729831005
235.450,183.358,10. Carry: translate in fron,-35.000,20.000,-0.00868,0,0.0151,-0.1067,0.2843453555802766,-0.11767343688167414,0.21831543222515654
235.950,183.829,10. Carry: translate in fron,-35.000,20.000,-0.00868,0,0.0151,-0.0885,0.2843806733908509,-0.09940514067213403,0.21809681611420023
236.500,184.333,10. Carry: translate in fron,-35.000,20.000,-0.00868,0,0.0151,-0.0702,0.2843812367042149,-0.08112252201060653,0.21809681648968837
237.150,184.831,10. Carry: translate in fron,-35.000,20.000,-0.00868,0,0.0151,-0.0520,0.28437435251268406,-0.0628136555979325,0.21810162506450764
237.650,185.297,10. Carry: translate in fron,-35.000,20.000,-0.00868,0,0.0151,-0.0337,0.28434760693212763,-0.04454290157306563,0.21831544080592474
238.250,185.825,10. Carry: translate in fron,-35.000,20.000,-0.00868,0,0.0151,-0.0154,0.28438297891535247,-0.026271625124101198,0.21809682892461063
238.900,186.405,10. Carry: translate in fron,-35.000,20.000,-0.00868,0,0.0151,0.0028,0.28438359640267674,-0.00798602225419762,0.21809683075593544
239.450,186.850,10. Carry: translate in fron,-35.000,20.000,-0.00868,0,0.0151,0.0211,0.2843662126886266,0.010308206978424713,0.21820596150108335
239.950,187.322,10. Carry: translate in fron,-35.000,20.000,-0.00868,0,0.0151,0.0393,0.2843667010206009,0.02858815967760138,0.21820596031184153
240.400,187.715,10. Carry: translate in fron,-35.000,20.000,-0.00868,0,0.0151,0.0576,0.284367189682839,0.046868137748625464,0.21820596324978397
240.900,188.147,10. Carry: translate in fron,-35.000,20.000,-0.00868,0,0.0151,0.0758,0.28435086478605376,0.06515096664237163,0.21831545334164643
241.500,188.600,10. Carry: translate in fron,-35.000,20.000,-0.00868,0,0.0151,0.0941,0.2843862218498009,0.08342244536368902,0.21809683898358823
242.050,189.087,10. Carry: translate in fron,-35.000,20.000,-0.00868,0,0.0151,0.1123,0.28438676633193416,0.10170537381052203,0.2180968420561763
242.600,189.607,10. Carry: translate in fron,-35.000,20.000,-0.00868,0,0.0151,0.1306,0.2843692485495971,0.11999405341024585,0.21820597131652147
243.200,190.069,10. Carry: translate in fron,-35.000,20.000,-0.00868,0,0.0151,0.1489,0.2843698495382406,0.1382799203079517,0.2182059718115112
243.800,190.567,10. Carry: translate in fron,-35.000,20.000,-0.00868,0,0.0151,0.1671,0.2843809596148792,0.15658343439217667,0.21810165134058118
244.300,191.016,10. Carry: translate in fron,-35.000,20.000,-0.00868,0,0.0151,0.1854,0.28435423442664176,0.17485456178683467,0.2183154628555931
244.900,191.516,10. Carry: translate in fron,-35.000,20.000,-0.00868,0,0.0151,0.2036,0.28438957708579793,0.1931262458112677,0.2180968519054029
245.500,192.029,10. Carry: translate in fron,-35.000,20.000,-0.00868,0,0.0151,0.2219,0.2843721110886134,0.21141796372748367,0.2182059827458348
246.050,192.538,10. Carry: translate in fron,-35.000,20.000,-0.00868,0,0.0151,0.2401,0.28437264080853375,0.22970110878900157,0.2182059841523432
246.550,193.045,10. Carry: translate in fron,-35.000,20.000,-0.00868,0,0.0151,0.2584,0.28437316842366367,0.2479842835909284,0.21820598486552972
247.000,193.427,10. Carry: translate in fron,-35.000,20.000,-0.00868,0,0.0151,0.2766,0.2843736347215932,0.2662645877274364,0.21820598746318182
247.450,193.872,10. Carry: translate in fron,-35.000,20.000,-0.00868,0,0.0151,0.2949,0.2843740423293612,0.28454201235066084,0.21820599135448326
248.050,194.373,10. Carry: translate in fron,-35.000,20.000,-0.00868,0,0.0151,0.3132,0.28437450519860624,0.3028223627055162,0.2182059912952451
248.600,194.816,10. Carry: translate in fron,-35.000,20.000,-0.00868,0,0.0151,0.3314,0.28437502602157205,0.3211056440107864,0.21820599382306877
249.050,195.244,10. Carry: translate in fron,-35.000,20.000,-0.00868,0,0.0151,0.3497,0.2843754862191281,0.33938604432490166,0.21820599619399966
249.600,195.718,10. Carry: translate in fron,-35.000,20.000,-0.00868,0,0.0151,0.3679,0.28437594498805846,0.3576664681245929,0.21820599895554438
250.100,196.212,10. Carry: translate in fron,-35.000,20.000,-0.00868,0,0.0151,0.3862,0.2843764590586926,0.3759498309857343,0.21820599821213116
250.700,196.654,10. Carry: translate in fron,-35.000,20.000,-0.00868,0,0.0151,0.4044,0.2843770293870107,0.3942361413478177,0.21820600094236148
251.200,197.133,10. Carry: translate in fron,-35.000,20.000,-0.00868,0,0.0151,0.4227,0.2843955380603935,0.4125109475911766,0.21809687577744497
251.650,197.570,10. Carry: translate in fron,-35.000,20.000,-0.00868,0,0.0151,0.4409,0.28436118505587804,0.43080283361811633,0.2183154904512264
252.150,197.975,10. Carry: translate in fron,-35.000,20.000,-0.00868,0,0.0151,0.4592,0.28436163452040475,0.4490833804831503,0.21831549271170697
252.650,198.450,10. Carry: translate in fron,-35.000,20.000,-0.00868,0,0.0151,0.4774,0.28437877424750413,0.46735535809711315,0.21820601083147917
253.200,198.928,10. Carry: translate in fron,-35.000,20.000,-0.00868,0,0.0151,0.4957,0.28437927640126304,0.48563888226698404,0.2182060099008047
253.700,199.364,10. Carry: translate in fron,-35.000,20.000,-0.00868,0,0.0151,0.5140,0.2843630303849911,0.5039280939890571,0.2183154995419438
254.300,199.824,10. Carry: translate in fron,-35.000,20.000,-0.00868,0,0.0151,0.5322,0.28438021867159,0.5222030770716343,0.21820601399161782
254.800,200.310,10. Carry: translate in fron,-35.000,20.000,-0.00868,0,0.0151,0.5505,0.2843807155943361,0.5404866820368422,0.21820601564516012
255.300,200.800,10. Carry: translate in fron,-35.000,20.000,-0.00868,0,0.0151,0.5687,0.2843811532578918,0.5587673730176287,0.21820601624578811
255.800,201.203,10. Carry: translate in fron,-35.000,20.000,-0.00868,0,0.0151,0.5870,0.28439969996187947,0.5770453487667969,0.21809689064457893
256.300,201.647,10. Carry: translate in fron,-35.000,20.000,-0.00868,0,0.0151,0.6052,0.28438202564102044,0.5953288215815314,0.21820601927881295
256.850,202.117,10. Carry: translate in fron,-35.000,20.000,-0.00868,0,0.0151,0.6235,0.28438251376040913,0.6136125300439906,0.21820602183725263
257.450,202.587,10. Carry: translate in fron,-35.000,20.000,-0.00868,0,0.0151,0.6418,0.28436625356705175,0.6319019160227953,0.21831550871940952
257.900,203.004,10. Carry: translate in fron,-35.000,20.000,-0.00868,0,0.0151,0.6600,0.2843834834544468,0.6501800277326969,0.21820602591442062
258.400,203.464,10. Carry: translate in fron,-35.000,20.000,-0.00868,0,0.0151,0.6783,0.2843838560260187,0.6684579021358847,0.21820602600027
258.950,203.936,10. Carry: translate in fron,-35.000,20.000,-0.00868,0,0.0151,0.6965,0.28438428202974086,0.6867387548864506,0.21820603021440793
259.450,204.378,10. Carry: translate in fron,-35.000,20.000,-0.00868,0,0.0151,0.7148,0.284368014664902,0.7050282363087947,0.21831551852671272
260.000,204.820,10. Carry: translate in fron,-35.000,20.000,-0.00868,0,0.0151,0.7330,0.284385181215329,0.7233034894188579,0.21820603382968767
260.450,205.329,10. Carry: translate in fron,-35.000,20.000,-0.00868,0,0.0151,0.7513,0.2843856013760419,0.7415844096459071,0.21820603593158316
261.000,205.757,10. Carry: translate in fron,-35.000,20.000,-0.00868,0,0.0151,0.7695,0.28436932836254886,0.7598739622344398,0.21831552532925697
261.400,206.175,10. Carry: translate in fron,-35.000,20.000,-0.00868,0,0.0151,0.7696,0.28436932836254886,0.7598739622344398,0.21831552532925697
261.900,206.612,"11. Insert: move forward, ex",-35.000,20.000,-0.00868,0,0.0152,0.7697,0.28436932836254886,0.7598739622344398,0.21831552532925697
264.100,208.331,"11. Insert: move forward, ex",-35.000,20.000,-0.00868,0,0.0152,0.7687,0.2845080802470689,0.759209924974564,0.21810171584682975
264.700,208.778,"11. Insert: move forward, ex",-35.000,20.000,-0.00868,0,0.0152,0.7674,0.28451594554854465,0.7579178382892879,0.2180969117902482
265.200,209.261,"11. Insert: move forward, ex",-35.000,20.000,-0.00868,0,0.0152,0.7661,0.28449808844301944,0.7566546405105741,0.21820604155367818
265.800,209.804,"11. Insert: move forward, ex",-35.000,20.000,-0.00868,0,0.0152,0.7648,0.28451633001842724,0.7553801576591846,0.21809691483108662
266.300,210.247,"11. Insert: move forward, ex",-35.000,20.000,-0.00868,0,0.0152,0.7635,0.2844817758907464,0.7541256288240721,0.21831553210616444
266.900,210.726,"11. Insert: move forward, ex",-35.000,20.000,-0.00868,0,0.0152,0.7622,0.2844986539995057,0.7528482293035683,0.21820604704069646
267.300,211.118,"11. Insert: move forward, ex",-35.000,20.000,-0.00868,0,0.0152,0.7623,0.2844986539995057,0.7528482293035683,0.21820604704069646
267.850,211.606,"11. Insert: move forward, ex",-35.000,20.000,-0.00868,0,0.0208,0.7623,0.29008837216372935,0.75304007750301,0.21809692421584181
268.400,212.114,"11. Insert: move forward, ex",-35.000,20.000,-0.00868,0,0.0263,0.7623,0.2955883763624062,0.7530799484606164,0.21831553527996467
268.950,212.604,"11. Insert: move forward, ex",-35.000,20.000,-0.00868,0,0.0319,0.7623,0.3011399133594652,0.7531029519101643,0.2182060526156681
269.450,213.132,"11. Insert: move forward, ex",-35.000,20.000,-0.00868,0,0.0374,0.7623,0.3066746566733245,0.753128594420794,0.21820605454206
270.050,213.681,"11. Insert: move forward, ex",-35.000,20.000,-0.00868,0,0.0429,0.7623,0.31220944688154884,0.7531572668835124,0.2182060573906529
270.650,214.279,"11. Insert: move forward, ex",-35.000,20.000,-0.00868,0,0.0485,0.7623,0.3177623316899061,0.7531833361448185,0.2180969288723547
271.150,214.739,"11. Insert: move forward, ex",-35.000,20.000,-0.00868,0,0.0485,0.7624,0.3177623316899061,0.7531833361448185,0.2180969288723547
271.700,215.218,"11. Insert: move forward, ex",-40.000,30.000,-0.00866,0,0.0486,0.7625,0.3177623316899061,0.7531833361448185,0.2180969288723547
272.300,215.779,"11. Insert: move forward, ex",-25.000,50.000,-0.00865,0,0.0484,0.7628,0.3351368806632908,0.7532808053914515,0.21905446919705435
272.800,216.310,12. Place: put the object on,-25.000,50.000,-0.00865,0,0.0486,0.7628,0.36934672276204783,0.7531920540537486,0.1601853674969964
274.950,217.974,12. Place: put the object on,-20.000,60.000,-0.00864,0,0.0488,0.7632,0.36934672276204783,0.7531920540537486,0.1601853674969964
275.500,218.445,12. Place: put the object on,-20.000,60.000,-0.00864,0,0.0487,0.7632,0.3802392559733885,0.7536723855639748,0.13224773375477095
275.950,218.864,12. Place: put the object on,-20.000,60.000,-0.00864,0,0.0487,0.7633,,,
276.350,219.238,13. Release: open the grippe,-20.000,60.000,-0.00864,0,0.0487,0.7634,,,
278.800,221.078,13. Release: open the grippe,-20.000,60.000,-0.00664,0,0.0488,0.7637,,,
279.350,221.516,13. Release: open the grippe,-20.000,60.000,-0.00164,0,0.0488,0.7638,,,
279.750,221.986,13. Release: open the grippe,-20.000,60.000,0.00100,1,0.0488,0.7639,,,
280.200,222.368,13. Release: open the grippe,-20.000,60.000,0.00100,1,0.0488,0.7639,,,
280.650,222.753,14. Retract: arm leaves the ,-20.000,60.000,0.00100,1,0.0489,0.7640,,,
282.950,224.480,14. Retract: arm leaves the ,-35.000,35.009,0.00061,1,0.0490,0.7643,,,
283.550,224.968,14. Retract: arm leaves the ,-5.000,0.000,0.00063,1,0.0490,0.7645,,,
284.500,225.811,4. Align: translate to slot ,0.000,0.000,0.00063,1,0.0488,0.7647,,,
286.900,227.610,4. Align: translate to slot ,0.000,0.000,0.00063,1,0.0488,0.7650,,,
287.350,228.029,4. Align: translate to slot ,0.000,0.000,0.00063,1,0.0489,0.7651,,,
287.800,228.496,4. Align: translate to slot ,25.000,0.001,0.00063,1,0.0490,0.7652,,,
288.350,229.021,4. Align: translate to slot ,30.000,0.000,0.00063,1,0.0489,0.7470,,,
288.800,229.454,4. Align: translate to slot ,30.000,0.000,0.00063,1,0.0489,0.7287,,,
289.350,229.879,4. Align: translate to slot ,30.000,0.000,0.00063,1,0.0489,0.7105,,,
289.800,230.296,4. Align: translate to slot ,30.000,0.000,0.00063,1,0.0489,0.6922,,,
290.200,230.671,4. Align: translate to slot ,30.000,0.000,0.00063,1,0.0489,0.6740,,,
290.600,231.067,4. Align: translate to slot ,30.000,0.000,0.00063,1,0.0489,0.6558,,,
291.050,231.440,4. Align: translate to slot ,30.000,0.000,0.00063,1,0.0489,0.6375,,,
291.450,231.833,4. Align: translate to slot ,30.000,0.000,0.00063,1,0.0489,0.6193,,,
291.900,232.239,4. Align: translate to slot ,30.000,0.000,0.00063,1,0.0489,0.6010,,,
292.400,232.640,4. Align: translate to slot ,30.000,0.000,0.00063,1,0.0489,0.5828,,,
292.850,233.041,4. Align: translate to slot ,30.000,0.000,0.00063,1,0.0489,0.5645,,,
293.250,233.405,4. Align: translate to slot ,30.000,0.000,0.00063,1,0.0489,0.5463,,,
293.650,233.802,4. Align: translate to slot ,30.000,0.000,0.00063,1,0.0489,0.5280,,,
294.150,234.234,4. Align: translate to slot ,30.000,0.000,0.00063,1,0.0489,0.5098,,,
294.650,234.651,4. Align: translate to slot ,30.000,0.000,0.00063,1,0.0489,0.4915,,,
295.050,235.026,4. Align: translate to slot ,30.000,0.000,0.00063,1,0.0489,0.4733,,,
295.550,235.468,4. Align: translate to slot ,30.000,0.000,0.00063,1,0.0489,0.4550,,,
296.000,235.882,4. Align: translate to slot ,30.000,0.000,0.00063,1,0.0489,0.4368,,,
296.400,236.293,4. Align: translate to slot ,30.000,0.000,0.00063,1,0.0489,0.4185,,,
296.800,236.638,4. Align: translate to slot ,30.000,0.000,0.00063,1,0.0489,0.4003,,,
297.200,237.004,4. Align: translate to slot ,30.000,0.000,0.00063,1,0.0489,0.3821,,,
297.650,237.394,4. Align: translate to slot ,30.000,0.000,0.00063,1,0.0489,0.3638,,,
298.150,237.830,4. Align: translate to slot ,30.000,0.000,0.00063,1,0.0489,0.3456,,,
298.550,238.213,4. Align: translate to slot ,30.000,0.000,0.00063,1,0.0489,0.3273,,,
299.000,238.610,4. Align: translate to slot ,30.000,0.000,0.00063,1,0.0489,0.3091,,,
299.400,238.977,4. Align: translate to slot ,30.000,0.000,0.00063,1,0.0489,0.2908,,,
299.800,239.348,4. Align: translate to slot ,30.000,0.000,0.00063,1,0.0489,0.2726,,,
300.250,239.744,4. Align: translate to slot ,30.000,0.000,0.00063,1,0.0489,0.2543,,,
300.700,240.114,4. Align: translate to slot ,30.000,0.000,0.00063,1,0.0489,0.2361,,,
301.050,240.490,4. Align: translate to slot ,30.000,0.000,0.00063,1,0.0489,0.2178,,,
301.500,240.896,4. Align: translate to slot ,30.000,0.000,0.00063,1,0.0489,0.1996,,,
301.950,241.305,4. Align: translate to slot ,30.000,0.000,0.00063,1,0.0489,0.1813,,,
302.350,241.724,4. Align: translate to slot ,30.000,0.000,0.00063,1,0.0489,0.1631,,,
302.800,242.111,4. Align: translate to slot ,30.000,0.000,0.00063,1,0.0489,0.1449,,,
303.250,242.516,4. Align: translate to slot ,30.000,0.000,0.00063,1,0.0489,0.1266,,,
303.700,242.920,4. Align: translate to slot ,30.000,0.000,0.00063,1,0.0489,0.1084,,,
304.100,243.284,4. Align: translate to slot ,30.000,0.000,0.00063,1,0.0489,0.0901,,,
304.500,243.669,4. Align: translate to slot ,30.000,0.000,0.00063,1,0.0489,0.0719,,,
304.850,244.010,4. Align: translate to slot ,30.000,0.000,0.00063,1,0.0489,0.0536,,,
305.300,244.440,4. Align: translate to slot ,30.000,0.000,0.00063,1,0.0489,0.0354,,,
305.650,244.791,4. Align: translate to slot ,30.000,0.000,0.00063,1,0.0489,0.0171,,,
306.050,245.170,4. Align: translate to slot ,30.000,0.000,0.00063,1,0.0489,-0.0011,,,
306.400,245.502,4. Align: translate to slot ,30.000,0.000,0.00063,1,0.0489,-0.0194,,,
306.850,245.901,4. Align: translate to slot ,30.000,0.000,0.00063,1,0.0489,-0.0376,,,
307.350,246.307,4. Align: translate to slot ,30.000,0.000,0.00063,1,0.0489,-0.0559,,,
307.750,246.687,4. Align: translate to slot ,30.000,0.000,0.00063,1,0.0489,-0.0741,,,
308.150,247.100,4. Align: translate to slot ,30.000,0.000,0.00063,1,0.0489,-0.0924,,,
308.550,247.494,4. Align: translate to slot ,30.000,0.000,0.00063,1,0.0489,-0.0923,,,
308.950,247.975,5. Approach: move forward to,30.000,0.000,0.00063,1,0.0489,-0.0922,,,
311.500,249.819,5. Approach: move forward to,30.000,0.000,0.00063,1,0.0687,-0.0919,,,
311.950,250.239,5. Approach: move forward to,30.000,0.000,0.00063,1,0.0885,-0.0919,,,
312.400,250.699,5. Approach: move forward to,30.000,0.000,0.00063,1,0.1083,-0.0919,,,
312.900,251.135,5. Approach: move forward to,30.000,0.000,0.00063,1,0.1280,-0.0919,,,
313.350,251.610,5. Approach: move forward to,30.000,0.000,0.00063,1,0.1478,-0.0919,,,
313.750,252.009,5. Approach: move forward to,30.000,0.000,0.00063,1,0.1676,-0.0919,,,
314.100,252.386,5. Approach: move forward to,30.000,0.000,0.00063,1,0.1873,-0.0919,,,
314.550,252.766,5. Approach: move forward to,30.000,0.000,0.00063,1,0.2071,-0.0919,,,
314.950,253.092,5. Approach: move forward to,30.000,0.000,0.00063,1,0.2071,-0.0918,,,
315.300,253.498,6. Gripper camera: is there ,30.000,0.000,0.00063,1,0.2071,-0.0918,,,
317.700,255.254,6. Gripper camera: is there ,30.000,0.000,0.00063,1,0.2072,-0.0914,,,
318.150,255.682,6. Gripper camera: is there ,30.000,0.000,0.00063,1,0.2072,-0.0914,,,
318.550,256.134,6. Gripper camera: is there ,30.000,0.000,0.00063,1,0.2072,-0.0913,,,
319.000,256.505,7. Grasp: close until the fi,30.000,0.000,0.00063,1,0.2072,-0.0913,,,
321.100,258.022,7. Grasp: close until the fi,30.000,0.000,-0.00087,1,0.2073,-0.0910,,,
321.550,258.273,7. Grasp: close until the fi,30.000,0.000,-0.00587,1,0.2073,-0.0909,,,
322.500,258.712,7. Grasp: close until the fi,30.000,0.000,-0.00787,0,0.2073,-0.0908,0.3800007801204265,-0.09999566519128354,0.11000000024824054
322.850,259.011,7. Grasp: close until the fi,30.000,0.000,-0.00787,0,0.2073,-0.0907,0.3800007801204265,-0.09999566519128354,0.11000000024824054
323.250,259.167,7. Grasp: close until the fi,30.000,0.000,-0.00787,0,0.2073,-0.0906,0.3800007801204265,-0.09999566519128354,0.11000000024824054
323.500,259.274,8. Grasped: lift the object,30.000,0.000,-0.00787,0,0.2073,-0.0906,0.3800007801204265,-0.09999566519128354,0.11000000024824054
324.700,259.673,8. Grasped: lift the object,10.000,19.999,-0.00783,0,0.2071,-0.0904,0.3800007801204265,-0.09999566519128354,0.11000000024824054
325.200,260.169,8. Grasped: lift the object,-35.000,20.000,-0.00782,0,0.2076,-0.0903,0.3800007801204265,-0.09999566519128354,0.11000000024824054
